Source URL,Product Name,Product Price,Product Score,Product_Image,Product Specifications_1,Product Specifications_2,Product Specifications_3,Product Specifications_4,Product Specifications_5,Product Specifications_6,Product Specifications_7,Product Specifications_8
https://www.zoomit.ir/product/list/wearables/,اپل واچ اولترا,"45,999,000",4.5,https://api2.zoomit.ir/media/638bb8861d67bb742b22c95c?w=1920&q=75,WatchOS , نسخه 9,1.92 اینچ , 502×410 پیکسل,تراشه اپل S8 , حافظه 32 گیگابایت,542 میلی‌آمپر ساعت , لیتیوم یونی
https://www.zoomit.ir/product/list/wearables/,اپل واچ اولترا 2,"43,400,000",4.3,https://api2.zoomit.ir/media/652d20af8716201626d161f8?w=1920&q=75,WatchOS , نسخه 10,1.92 اینچ , 502×410 پیکسل,تراشه اپل S9 , حافظه 64 گیگابایت,542 میلی‌آمپر ساعت , لیتیوم یونی
https://www.zoomit.ir/product/list/wearables/,سامسونگ گلکسی واچ 5 پرو,"10,380,000",4.6,https://api2.zoomit.ir/media/638bb82fb90c494dc77f9884?w=1920&q=75,سیستم‌عامل Wear OS , سازگار با اندروید,1.4 اینچ , 450x450 پیکسل,1.5 گیگابایت رم , Exynos W920,590 میلی‌آمپر ساعت , لیتیوم یونی
https://www.zoomit.ir/product/list/wearables/,شیائومی Mibro Lite2,"1,898,000",4.3,https://api2.zoomit.ir/media/652d051c8716201626d0cdeb?w=1920&q=75,سیستم‌عامل اختصاصی , سازگار با اندروید و iOS,1.3 اینچ , 360×360 پیکسل,بلوتوث 5.1 , حسگر SpO2,350 میلی‌آمپر ساعت , عمر باتری تا 12 روز
https://www.zoomit.ir/product/list/wearables/,شیائومی Mibro T1,"1,319,500",4.5,https://api2.zoomit.ir/media/652d035b8716201626d087f4?w=1920&q=75,سیستم‌عامل اختصاصی , سازگار با اندروید و iOS,1.6 اینچ , 320x360 پیکسل,بلوتوث 5 , حسگر SpO2,350 میلی آمپر ساعت , عمر باتری تا 7 روز
https://www.zoomit.ir/product/list/wearables/,سامسونگ گلکسی واچ 6 کلاسیک 47 میلی‌متری,"11,699,000",4.2,https://api2.zoomit.ir/media/652d1f76eb21a6b54f50e2e0?w=1920&q=75,سیستم‌عامل Wear OS 4 , سازگار با اندروید,1.5 اینچ , 480x480 پیکسل,2 گیگابایت رم , Exynos W930,425 میلی‌آمپر ساعت , لیتیوم یونی
https://www.zoomit.ir/product/list/wearables/,بند 8 شیائومی,"1,419,000",4.2,https://api2.zoomit.ir/media/65740b710107b899a8c048fe?w=1920&q=75,سیستم‌عامل اختصاصی , سازگار با اندروید و iOS,1.62 اینج , AMOLED,بلوتوث , حسگر SpO2,190 میلی‌آمپر ساعت , شارژ کامل در 1 ساعت
https://www.zoomit.ir/product/list/wearables/,سامسونگ گلکسی واچ اولترا,"29,770,000",4.1,https://api2.zoomit.ir/media/668e9cd2772792639decb0a0?w=1920&q=75,سیستم‌عامل Wear OS 5,سازگار با اندروید,1.5 اینچ,480x480 پیکسل,32 گیگابایت حافظه داخلی,Exynos W1000,590 میلی‌آمپر ساعت,لیتیوم یونی
https://www.zoomit.ir/product/list/wearables/,سامسونگ گلکسی واچ 6 کلاسیک 43 میلی‌متری,"10,398,000",4.6,https://api2.zoomit.ir/media/652d1f76eb21a6b54f50e2e0?w=1920&q=75,سیستم‌عامل Wear OS 4 , سازگار با اندروید,1.3 اینچ , 432x432 پیکسل,2 گیگابایت رم , Exynos W930,300 میلی‌آمپر ساعت , لیتیوم یونی
https://www.zoomit.ir/product/list/wearables/,می بند 7 پرو شیائومی,"2,788,500",4.3,https://api2.zoomit.ir/media/652d21beeb21a6b54f51570c?w=1920&q=75,سیستم‌عامل اختصاصی , سازگار با اندروید و iOS,1.64 اینچ , 280x456 پیکسل,بلوتوث 5.2 , حسگر SpO2,235 میلی آمپر ساعت , لیتیوم پلیمری
https://www.zoomit.ir/product/list/wearables/,ردمی واچ 3 اکتیو شیائومی,"1,850,000",4.1,https://api2.zoomit.ir/media/652d1f818716201626d12686?w=1920&q=75,سیستم‌عامل اختصاصی , سازگار با اندروید و iOS,1.83 اینچ , 240x280 پیکسل,بلوتوث 5.3 , حسگر SpO2,289 میلی آمپر ساعت , غیرقابل تعویض
https://www.zoomit.ir/product/list/wearables/,بند 8 پرو شیائومی,"3,349,000",4.8,https://api2.zoomit.ir/media/652d06a38716201626d11037?w=1920&q=75,سیستم‌عامل اختصاصی , سازگار با اندروید و iOS,1.74 اینج , 336x480 پیکسل,بلوتوث 5.3 , حسگر SpO2,289 میلی‌آمپر ساعت , عمر باتری تا 14 روز
https://www.zoomit.ir/product/list/wearables/,سامسونگ گلکسی فیت 3,"2,669,000",4.3,https://api2.zoomit.ir/media/65e44098412e5bb22d86743b?w=1920&q=75,سیستم‌عامل FreeRTOS,سازگار با اندروید,1.6 اینچ,256x402 پیکسل,بلوتوث 5.3,حسگر SpO2,208 میلی‌آمپر ساعت,عمر باتری تا 13 روز
https://www.zoomit.ir/product/list/wearables/,می بند 7 شیائومی,"1,908,000",4.1,https://api2.zoomit.ir/media/652d067c8716201626d108ff?w=1920&q=75,سیستم‌عامل اختصاصی , سازگار با اندروید و iOS,1.62 اینچ , 192 × 490 پیکسل,بلوتوث 5.2 , حسگر SpO2,180 میلی آمپر ساعت , عمر باتری تا 30 روز
https://www.zoomit.ir/product/list/wearables/,اپل واچ اس ای 44 میلی‌متری نسخه 2022,"13,119,000",4.6,https://api2.zoomit.ir/media/652d204deb21a6b54f510d57?w=1920&q=75,WatchOS , نسخه 9,1.78 اینچ , 448×368 پیکسل,تراشه اپل S8 , حافظه 32 گیگابایت,296 میلی‌آمپر ساعت , لیتیوم یونی
https://www.zoomit.ir/product/list/wearables/,سامسونگ گلکسی واچ 6 نسخه 44 میلی‌متری,"8,949,000",4.2,https://api2.zoomit.ir/media/652d1f778716201626d12486?w=1920&q=75,سیستم‌عامل Wear OS 4 , سازگار با اندروید,1.5 اینچ , 480x480 پیکسل,2 گیگابایت رم , Exynos W930,425 میلی‌آمپر ساعت , لیتیوم یونی
https://www.zoomit.ir/product/list/wearables/,سامسونگ گلکسی واچ 6 نسخه 40 میلی‌متری,"8,560,000",4.5,https://api2.zoomit.ir/media/652d1f778716201626d12486?w=1920&q=75,سیستم‌عامل Wear OS 4 , سازگار با اندروید,1.3 اینچ , 432x432 پیکسل,2 گیگابایت رم , Exynos W930,300 میلی‌آمپر ساعت , لیتیوم یونی
https://www.zoomit.ir/product/list/wearables/,سامسونگ گلکسی واچ 5 نسخه 44 میلی‌متری,"8,160,000",4.1,https://api2.zoomit.ir/media/638bb82f8b369136d458d263?w=1920&q=75,سیستم‌عامل Wear OS , سازگار با اندروید,1.4 اینچ , 450x450 پیکسل,1.5 گیگابایت رم , Exynos W920,باتری لیتیوم یونی , ظرفیت 410 میلی‌آمپر ساعت
https://www.zoomit.ir/product/list/wearables/,اپل واچ سری 9 آلومینیوم مدل 45 میلی‌متری,"18,850,000",4.1,https://api2.zoomit.ir/media/652d20aeeb21a6b54f511ffb?w=1920&q=75,WatchOS , نسخه 10,1.9 اینچ , 396x484 پیکسل,تراشه اپل S9 , حافظه 64 گیگابایت,308 میلی‌آمپر ساعت , لیتیوم یونی
https://www.zoomit.ir/product/list/wearables/,شیائومی Mibro Watch GS,"2,080,000",4.5,https://api2.zoomit.ir/media/652d0488eb21a6b54f5071fb?w=1920&q=75,سیستم عامل اختصاصی , سازگار با اندروید و iOS,1.43 اینچ , 466×466 پیکسل,بلوتوث 5.1 , حسگر SpO2,450 میلی‌آمپرساعت , شارژر مغناطیسی
https://www.zoomit.ir/product/list/wearables/,سامسونگ گلکسی واچ 5 نسخه 40 میلی‌متری,"7,572,000",4.1,https://api2.zoomit.ir/media/638bb82f8b369136d458d263?w=1920&q=75,سیستم‌عامل Wear OS , سازگار با اندروید,1.2 اینچ , 396x396 پیکسل,1.5 گیگابایت رم , Exynos W920,باتری لیتیوم یونی , ظرفیت 284 میلی‌آمپر
https://www.zoomit.ir/product/list/wearables/,اپل واچ اس ای 44 میلی‌متری نسخه 2023,"13,910,000",5,https://api2.zoomit.ir/media/652d20478716201626d14e55?w=1920&q=75,WatchOS , نسخه 10,1.78 اینچ , روشنایی 1000 نیت,1 گیگابایت رم , اپل S8,باتری لیتیوم یونی , عمر باتری 18 ساعت
https://www.zoomit.ir/product/list/wearables/,سامسونگ گلکسی واچ 7 نسخه 44 میلی‌متری,"15,170,000",4,https://api2.zoomit.ir/media/668ea13b772792639decb0df?w=1920&q=75,سیستم‌عامل Wear OS 5,سازگار با اندروید,1.5 اینچ,480x480 پیکسل,32 گیگابایت حافظه داخلی,Exynos W1000,425 میلی‌آمپر ساعت,لیتیوم یونی
https://www.zoomit.ir/product/list/wearables/,کیسلکت Kr Pro,"2,134,500",4,https://api2.zoomit.ir/media/652d035ceb21a6b54f5045b9?w=1920&q=75,سیستم‌عامل اختصاصی , سازگار با اندروید و iOS,1.43 اینچ , AMOLED,بلوتوث 5.2 , حسگر SpO2,280 میلی‌آمپر ساعت , عمر باتری 2.5 روز
https://www.zoomit.ir/product/list/wearables/,شیائومی Glorimi GS1 Pro,"2,017,000",4.1,https://api2.zoomit.ir/media/652d1ff08716201626d13d8a?w=1920&q=75,سیستم‌عامل اختصاصی , سازگار با اندروید و iOS,2.01 اینچ , 410x502 پیکسل,بلوتوث 5.2 , Realtek 8763EW,280 میلی‌آمپر ساعت , عمر باتری تا 5 روز
https://www.zoomit.ir/product/list/wearables/,شیائومی Glorimi M1 Pro,"1,975,000",4.3,https://api2.zoomit.ir/media/6653f89a772792639debdccd?w=1920&q=75,سیستم‌عامل اختصاصی , سازگار با اندروید و iOS,1.43 اینچ , 466x466 پیکسل,بلوتوث , حسگر SpO2,280 میلی‌آمپر ساعت , عمر باتری تا 13 روز
https://www.zoomit.ir/product/list/wearables/,امیزفیت GTR 4,"9,069,000",4.2,https://api2.zoomit.ir/media/652d035deb21a6b54f5045d3?w=1920&q=75,سیستم‌عامل Zepp OS 2.0 , سازگار با اندروید و iOS,1.43 اینچ , 466x466 پیکسل,بلوتوث 5 , حسگر SpO2,475 میلی‌آمپر ساعت , عمر باتری تا 14 روز
https://www.zoomit.ir/product/list/wearables/,اپل واچ سری 8 آلومینیوم مدل 41 میلی‌متری,"20,200,000",4.2,https://api2.zoomit.ir/media/652d204c8716201626d14f27?w=1920&q=75,WatchOS , نسخه 9,1.69 اینچ , 352x430 پیکسل,تراشه اپل S8 , حافظه 32 گیگابایت,282 میلی‌آمپر ساعت , لیتیوم یونی
https://www.zoomit.ir/product/list/wearables/,هایلو Solar Plus RT3 LS16,"2,044,000",4.3,https://api2.zoomit.ir/media/652d0582eb21a6b54f509ad0?w=1920&q=75,سیستم‌عامل اختصاصی , سازگار با اندروید و iOS,1.43 اینچ , 466x466 پیکسل,بلوتوث 5.3 , حسگر SpO2,220 میلی آمپر ساعت , عمر باتری تا 7 روز
https://www.zoomit.ir/product/list/wearables/,شیائومی Mibro C2,"899,000",4.4,https://api2.zoomit.ir/media/652d05918716201626d0dead?w=1920&q=75,سیستم عامل اختصاصی , سازگار با اندروید و iOS,1.69 اینچ , TFT,حسگر SpO2 , بلوتوث 5,270 میلی‌آمپرساعت , شارژر مغناطیسی
https://www.zoomit.ir/product/list/wearables/,هواوی واچ فیت 3,"5,949,000",4.3,https://api2.zoomit.ir/media/663b586ba55162c757fca4c4?w=1920&q=75,سیستم‌عامل اختصاصی,سازگار با اندروید و iOS,1.82 اینچ,480×408 پیکسل,بلوتوث,حسگر SpO2,400 میلی‌آمپر ساعت,عمر باتری تا 10 روز
https://www.zoomit.ir/product/list/wearables/,پیکسل واچ 2 گوگل,"17,400,000",4.4,https://api2.zoomit.ir/media/652d21998716201626d19233?w=1920&q=75,سیستم‌عامل Wear OS 4 , سازگار با اندروید,1.2 اینچ , 450x450 پیکسل,2 گیگابایت رم , Qualcomm 5100,306 میلی‌آمپر ساعت , لیتیوم یونی
https://www.zoomit.ir/product/list/wearables/,کیسلکت Kr,"1,340,000",4.2,https://api2.zoomit.ir/media/652d010eeb21a6b54f4fefbe?w=1920&q=75,سیستم‌عامل اختصاصی , سازگار با اندروید و iOS,1.32 اینچ , 360x360 پیکسل,بلوتوث , حسگر SpO2,280 میلی آمپر ساعت , عمر باتری تا 3 روز
https://www.zoomit.ir/product/list/laptop/,ROG Strix G16 G614JV ایسوس - Core i7-13650HX RTX 4060 16GB 512GB,"89,069,000",4.2,https://api2.zoomit.ir/media/652d1f93eb21a6b54f50e873?w=1920&q=75,16 اینچ , 1200 × 1920 - WUXGA,اینتل Core i5-13650HX , انویدیا GeForce RTX 4060,16 گیگابایت رم , 512 گیگابایت SSD,2.5 کیلوگرم , باتری با ظرفیت 90 وات‌ساعت
https://www.zoomit.ir/product/list/laptop/,VivoBook 15 R1502ZA ایسوس - Core i7-1255U Iris Xe 16GB 512GB,"36,469,000",4.2,https://api2.zoomit.ir/media/652d03a38716201626d0944b?w=1920&q=75,15.6 اینچ , 1080 × 1920 - FHD,اینتل Core i7-1255U , اینتل Iris Xe,16 گیگابایت رم , 512 گیگابایت SSD,1.7 کیلوگرم , باتری با ظرفیت 42 وات‌ساعت
https://www.zoomit.ir/product/list/laptop/,مک بوک ایر 13 اینچی 2024 اپل - M3 8GB 256GB,"62,580,000",4.3,https://api2.zoomit.ir/media/65e5cc41412e5bb22d867a00?w=1920&q=75,13.6 اینچ , 1664 × 2560,اپل M3 , گرافیک یکپارچه‌ی 8 هسته‌ای,8 گیگابایت رم , 256 گیگابایت SSD,1.24 کیلوگرم , باتری با ظرفیت 52.6 وات‌ساعت
https://www.zoomit.ir/product/list/laptop/,LOQ 15IRH8 لنوو - Core i7-13620H RTX 4050 16GB 512GB,"53,479,000",4.4,https://api2.zoomit.ir/media/652d20eceb21a6b54f512cb4?w=1920&q=75,15.6 اینچ , 1440 × 2560 - QHD,اینتل Core i7-13620H , انویدیا GeForce RTX 4050,16 گیگابایت رم , 512 گیگابایت SSD,2.4 کیلوگرم , باتری با ظرفیت 60 وات‌ساعت
https://www.zoomit.ir/product/list/laptop/,مک بوک ایر 2022 اپل - M2 8GB 512GB,"67,830,000",4.1,https://api2.zoomit.ir/media/652d0103eb21a6b54f4fed76?w=1920&q=75,13.6 اینچ , 1664 × 2560,اپل M2 , گرافیک یکپارچه‌ی 10 هسته‌ای,8 گیگابایت رم , 512 گیگابایت SSD,1.24 کیلوگرم , باتری با ظرفیت 52.6 وات‌ساعت
https://www.zoomit.ir/product/list/laptop/,Victus 15 FA1093DX اچ پی - Core i5-13420H RTX 3050 16GB 512GB,"43,100,000",4,https://api2.zoomit.ir/media/652d01b98716201626d04dfa?w=1920&q=75,15.6 اینچ , 1080 × 1920 - FHD,اینتل Core i5-13420H , انویدیا GeForce RTX 3050,16 گیگابایت رم , 512 گیگابایت SSD,2.2 کیلوگرم , باتری با ظرفیت 70 وات‌ساعت
https://www.zoomit.ir/product/list/laptop/,Zenbook Pro 14 Duo UX8402ZE ایسوس - Core i7-12700H RTX 3050Ti 16GB 1TB,"105,000,000",4.1,https://api2.zoomit.ir/media/652d1f798716201626d12501?w=1920&q=75,14.5 اینچ , 1800 × 2880,اینتل Core i7-12700H , انویدیا GeForce RTX 3050,16 گیگابایت رم , 1 ترابایت SSD,1.75 کیلوگرم , باتری با ظرفیت 76 وات‌ساعت
https://www.zoomit.ir/product/list/laptop/,سرفیس پرو 9 مایکروسافت - Core i5-1235U Iris Xe 8GB 256GB,"66,899,000",4.2,https://api2.zoomit.ir/media/638bb8c8ef7c1a7ce6f28399?w=1920&q=75,13 اینچ , 1920 × 2880,اینتل Core i5-1235U , اینتل Iris Xe Graphics,8 گیگابایت , 256 گیگابایت SSD,0.87 کیلوگرم , باتری با ظرفیت 47.7 وات‌ساعت
https://www.zoomit.ir/product/list/laptop/,TUF Gaming F15 FX507ZI ایسوس - Core i7-12700H RTX 4070 16GB 1TB,"75,000,000",4.2,https://api2.zoomit.ir/media/652d007b8716201626d01b77?w=1920&q=75,15.6 اینچ , 1080 × 1920 - FHD,اینتل Core i7-12700H , انویدیا GeForce RTX 4070,16 گیگابایت رم , 1 ترابایت SSD,2.2 کیلوگرم , باتری با ظرفیت 90 وات‌ساعت
https://www.zoomit.ir/product/list/laptop/,LOQ 15IRH8 لنوو - Core i5-13420H RTX 3050 16GB 1TB,"53,498,000",4.2,https://api2.zoomit.ir/media/652d20eceb21a6b54f512cb4?w=1920&q=75,15.6 اینچ , 1080 × 1920 - FHD,اینتل Core i5-13420H , انویدیا GeForce RTX 3050,16 گیگابایت رم , 1 ترابایت SSD,2.4 کیلوگرم , باتری با ظرفیت 60 وات‌ساعت
https://www.zoomit.ir/product/list/laptop/,Victus 15 FB1013DX اچ پی - Ryzen 5 7535HS RTX 2050 8GB 512GB,"33,500,000",4.7,https://api2.zoomit.ir/media/652d04fceb21a6b54f50862d?w=1920&q=75,15.6 اینچ , 1080 × 1920 - FHD, AMD Ryzen 5 7535HS, انویدیا GeForce RTX 2050,8 گیگابایت رم , 512 گیگابایت SSD,2.2 کیلوگرم , باتری با ظرفیت 52.5 وات‌ساعت
https://www.zoomit.ir/product/list/laptop/,مک بوک پرو 16 اینچی 2023 اپل - M3 Max 40-core GPU 48GB 1TB,"223,230,000",4.3,https://api2.zoomit.ir/media/6540b2ad5641fa531bdc6a29?w=1920&q=75,16.2 اینچ , 2234 × 3456 پیکسل,اپل M3 Max با 16 هسته پردازشی , پردازنده گرافیک 40 هسته‌ای,48 گیگابایت رم , 1 ترابایت SSD,2.14 کیلوگرم , باتری با ظرفیت 100 وات‌ساعت
https://www.zoomit.ir/product/list/laptop/,IdeaPad 5 لنوو - Core i5-1235U MX550 16GB 512GB,"35,900,000",4.3,https://api2.zoomit.ir/media/652d06beeb21a6b54f50d400?w=1920&q=75,15.6 اینچ , 1080 × 1920 - FHD,اینتل Core i5-1235U , انویدیا GeForce MX550,16 گیگابایت رم , 512 گیگابایت SSD,1.85 کیلوگرم , باتری با ظرفیت 76 وات‌ساعت
https://www.zoomit.ir/product/list/laptop/,مک بوک ایر 15 اینچی 2023 اپل - M2 8GB 256GB,"76,600,000",4.5,https://api2.zoomit.ir/media/652d04a58716201626d0b863?w=1920&q=75,15.3 اینچ , 1864 × 2880,اپل M2 , گرافیک یکپارچه‌ی 10 هسته‌ای,8 گیگابایت رم , 256 گیگابایت SSD,1.51 کیلوگرم , باتری با ظرفیت 66.5 وات‌ساعت
https://www.zoomit.ir/product/list/laptop/,Zenbook 15 OLED UM3504DA ایسوس - Ryzen 7 7735U 680M 16GB 1TB,"63,489,000",4.5,https://api2.zoomit.ir/media/6567292a3a1d41e6d6a125a3?w=1920&q=75,15.6 اینچ , 1620 × 2880 - 2.8K,AMD Ryzen 7 7735U ,AMD Radeon 680M,16 گیگابایت رم ,1 ترابایت SSD,1.5 کیلوگرم , باتری با ظرفیت 67 وات‌ساعت
https://www.zoomit.ir/product/list/laptop/,Spectre x360 16t F1023dx اچ پی - Core i7-1260P A370M 16GB 1TB,"92,000,000",4,https://api2.zoomit.ir/media/652d20478716201626d14e5c?w=1920&q=75,16 اینچ , 2160 × 3840 - UHD,اینتل Core i7-1260P , اینتل Arc A370M,16 گیگابایت رم , 1 ترابایت SSD,2.0 کیلوگرم , باتری با ظرفیت 80 وات‌ساعت
https://www.zoomit.ir/product/list/laptop/,VivoBook 15 R1502ZA ایسوس - Core i7-1255U Iris Xe 8GB 512GB,"35,469,000",4.1,https://api2.zoomit.ir/media/652d03a38716201626d0944b?w=1920&q=75,15.6 اینچ , 1080 × 1920 - FHD,اینتل Core i7-1255U , اینتل Iris Xe,8 گیگابایت رم , 512 گیگابایت SSD,1.7 کیلوگرم , باتری با ظرفیت 42 وات‌ساعت
https://www.zoomit.ir/product/list/laptop/,IdeaPad Slim 3 لنوو - Core i5-13420H UHD Xe 8GB 512GB,"24,450,000",4,https://api2.zoomit.ir/media/652d20ac8716201626d161a4?w=1920&q=75,15.6 اینچ , 1080 × 1920 - FHD,اینتل Core i5-13420H , اینتل UHD Graphics Xe,8 گیگابایت رم , 512 گیگابایت SSD,1.55 کیلوگرم , باتری با ظرفیت 47 وات‌ساعت
https://www.zoomit.ir/product/list/laptop/,VivoBook 15 X1504VA ایسوس - Core i5-1335U Iris Xe 8GB 512GB,"31,670,000",4.5,https://api2.zoomit.ir/media/66dea2d52d36dcc78153ddec?w=1920&q=75,15.6 اینچ , 1080 × 1920 - FHD,اینتل Core i5-1335U , اینتل Iris Xe,8 گیگابایت رم , 512 گیگابایت SSD,1.7 کیلوگرم , باتری با ظرفیت 42 وات‌ساعت
https://www.zoomit.ir/product/list/laptop/,مک بوک ایر 2022 اپل - M2 8GB 256GB,"57,750,000",5,https://api2.zoomit.ir/media/652d0103eb21a6b54f4fed76?w=1920&q=75,13.6 اینچ , 1664 × 2560,اپل M2 , گرافیک یکپارچه‌ی 8 هسته‌ای,8 گیگابایت رم , 256 گیگابایت SSD,1.24 کیلوگرم , باتری با ظرفیت 52.6 وات‌ساعت
https://www.zoomit.ir/product/list/laptop/,مک بوک پرو 14 اینچی 2023 اپل - M3 Pro 14-core GPU 18GB 512GB,"107,730,000",4.5,https://api2.zoomit.ir/media/6540b6725641fa531bdc6a56?w=1920&q=75,14.2 اینچ , 1964 × 3024 پیکسل,اپل M3 Pro با 11 هسته پردازشی , پردازنده گرافیک 14 هسته‌ای,18 گیگابایت رم , 512 گیگابایت SSD,1.61 کیلوگرم , باتری با ظرفیت 72.4 وات‌ساعت
https://www.zoomit.ir/product/list/laptop/,ROG Zephyrus G16 GU603VV ایسوس - Core i7-13620H RTX 4060 16GB 512GB,"80,469,000",4,https://api2.zoomit.ir/media/654a17147c0c309f9443159f?w=1920&q=75,16 اینچ , 1200 × 1920 - WUXGA,اینتل Core i7-13620H , انویدیا GeForce RTX 4060,16 گیگابایت رم ,512 گیگابایت SSD,2 کیلوگرم , باتری با ظرفیت 90 وات‌ساعت
https://www.zoomit.ir/product/list/laptop/,مک بوک پرو 16 اینچی 2023 اپل - M3 Pro 18-core GPU 36GB 512GB,"154,980,000",4.4,https://api2.zoomit.ir/media/6540b2ad5641fa531bdc6a29?w=1920&q=75,16.2 اینچ , 2234 × 3456 پیکسل,اپل M3 Pro با 12 هسته پردازشی , پردازنده گرافیک 18 هسته‌ای,36 گیگابایت رم , 512 گیگابایت SSD,2.14 کیلوگرم , باتری با ظرفیت 100 وات‌ساعت
https://www.zoomit.ir/product/list/laptop/,IdeaPad 5 لنوو - Core i7-1255U MX550 16GB 1TB,"42,399,000",4.5,https://api2.zoomit.ir/media/652d06beeb21a6b54f50d400?w=1920&q=75,15.6 اینچ , 1080 × 1920 - FHD,اینتل Core i7-1255U , انویدیا GeForce MX550,16 گیگابایت رم , 1 ترابایت SSD,1.85 کیلوگرم , باتری با ظرفیت 76 وات‌ساعت
https://www.zoomit.ir/product/list/laptop/,Vivobook Go 15 OLED E1504FA ایسوس - Ryzen 5 7520U 610M 8GB 512GB,"26,271,000",4.4,https://api2.zoomit.ir/media/652d1f908716201626d1295b?w=1920&q=75,15.6 اینچ , 1080 × 1920 - FHD,AMD Ryzen 5 7520U , AMD Radeon 610M,8 گیگابایت رم , 512 گیگابایت SSD,1.6 کیلوگرم , باتری با ظرفیت 42 یا 50 وات‌ساعت
https://www.zoomit.ir/product/list/laptop/,IdeaPad Slim 3 15IRU8 لنوو - Core i3-1305U UHD 8GB 256GB,"18,200,000",4.3,https://api2.zoomit.ir/media/652d20ac8716201626d161a4?w=1920&q=75,15.6 اینچ , 1080 × 1920 - FHD,اینتل Core i3-1305U , اینتل UHD Graphics,8 گیگابایت رم , 256 گیگابایت SSD,1.62 کیلوگرم , باتری با ظرفیت 47 وات‌ساعت
https://www.zoomit.ir/product/list/laptop/,ROG Strix SCAR 16 G634JY ایسوس - Core i9-13980HX RTX 4090 32GB 1TB,"250,000,000",4,https://api2.zoomit.ir/media/652d2117eb21a6b54f5135bd?w=1920&q=75,16 اینچ , WQXGA- 2560 x 1600,اینتل Core i9-13980HX , انویدیا GeForce RTX 4090,32 گیگابایت رم , 1 ترابایت SSD,2.6 کیلوگرم , باتری با ظرفیت 90 وات‌ساعت
https://www.zoomit.ir/product/list/laptop/,IdeaPad Slim 3 15IRH8 لنوو - Core i7-13620H UHD 16GB 512GB,"37,800,000",4.3,https://api2.zoomit.ir/media/652d20ac8716201626d161a4?w=1920&q=75,15.6 اینچ ,1080 × 1920 - FHD,اینتل Core i7-13620H ,اینتل UHD Graphics,16 گیگابایت رم ,512 گیگابایت SSD,1.62 کیلوگرم ,باتری با ظرفیت 47 وات‌ساعت
https://www.zoomit.ir/product/list/laptop/,TUF Gaming F15 FX507ZC ایسوس - Core i5-12500H RTX 3050 16GB 1TB,"52,970,000",4.8,https://api2.zoomit.ir/media/652d007b8716201626d01b77?w=1920&q=75,15.6 اینچ , 1080 × 1920 - FHD,اینتل Core i5-12500H , انویدیا GeForce RTX 3050,16 گیگابایت رم , 1 ترابایت SSD,2.2 کیلوگرم , باتری با ظرفیت 56 یا 90 وات‌ساعت
https://www.zoomit.ir/product/list/laptop/,مک بوک پرو 13 اینچی 2022 اپل - M2 8GB 512GB,"78,095,000",4.6,https://api2.zoomit.ir/media/652cfef28716201626cfd148?w=1920&q=75,13.3 اینچ , 1600 × 2560,اپل M2 , پردازنده‌ی گرافیکی M2,8 گیگابایت رم , 512 گیگابایت SSD,1.4 کیلوگرم , باتری با ظرفیت 58.2 وات‌ساعت
https://www.zoomit.ir/product/list/hdd/,وسترن دیجیتال My Passport USB 3.0 ظرفیت 4 ترابایت,"6,030,000",4.2,https://api2.zoomit.ir/media/652d2067eb21a6b54f511212?w=1920&q=75,اکسترنال , قابل حمل,4 ترابایت , 2.5 اینچ,5400 دور در دقیقه , USB 3.2 Gen 1,210 گرم , 19.15 × 75 × 107.2 میلی‌متر
https://www.zoomit.ir/product/list/hdd/,وسترن دیحیتال Blue WD40EZAZ ظرفیت 4 ترابایت,"5,700,000",4.2,https://api2.zoomit.ir/media/652cfb2deb21a6b54f4edcad?w=1920&q=75,اینترنال , دسکتاپ,4 ترابایت , 3.5 اینچ,5400 دور در دقیقه , SATA 6 Gb/s,570 گرم , 26.1 × 147 × 101.6 میلی‌متر
https://www.zoomit.ir/product/list/hdd/,سیگیت Expansion STKM1000400 ظرفیت 1 ترابایت,"2,949,000",4.5,https://api2.zoomit.ir/media/652d02eceb21a6b54f503922?w=1920&q=75,اکسترنال , قابل حمل,1 ترابایت , 2.5 اینچ,- , USB 3.0,159 گرم , 12.6 × 80 × 115.3 میلی‌متر
https://www.zoomit.ir/product/list/hdd/,سیگیت Expansion STKM2000400 ظرفیت 2 ترابایت,"3,650,000",4.1,https://api2.zoomit.ir/media/652d02eceb21a6b54f503922?w=1920&q=75,اکسترنال , قابل حمل,2 ترابایت , 2.5 اینچ,- , USB 3.0,159 گرم , 12.6 × 80 × 115.3 میلی‌متر
https://www.zoomit.ir/product/list/hdd/,توشیبا Canvio Ready ظرفیت 4 ترابایت,"6,670,000",4.1,https://api2.zoomit.ir/media/652d055d8716201626d0d7c6?w=1920&q=75,اکسترنال , قابل حمل,4 ترابایت , 2.5 اینچ,5400 دور در دقیقه , USB 3.2 Gen 1,217.5 گرم , 19.5 × 78 × 109 میلی‌متر
https://www.zoomit.ir/product/list/hdd/,وسترن دیجیتال Purple Pro WD121PURP ظرفیت 12 ترابایت,"17,750,000",4.2,https://api2.zoomit.ir/media/652d053e8716201626d0d394?w=1920&q=75,اینترنال , دوربین‌های نظارتی,12 ترابایت , 3.5 اینچ,7200 دور در دقیقه , SATA 6 Gb/s,750 گرم , 26.1 × 101.6 × 147 میلی‌متر
https://www.zoomit.ir/product/list/hdd/,وسترن دیجیتال My Book Desktop ظرفیت 18 ترابایت,"28,341,000",4,https://api2.zoomit.ir/media/652d017eeb21a6b54f5001ab?w=1920&q=75,اکسترنال , دسکتاپ (رومیزی),18 ترابایت ,-,-, USB 3.2 Gen 1,1000 گرم, 49 × 139.3 × 170.6 میلی‌متر
https://www.zoomit.ir/product/list/hdd/,سیلیکون پاور Armor A66 ظرفیت 2 ترابایت,"4,745,000",4,https://api2.zoomit.ir/media/652d06cdeb21a6b54f50d751?w=1920&q=75,اکسترنال , قابل حمل,2 ترابایت , 2.5 اینچ,- , USB 3.2 Gen 1,209 گرم , 16.2 × 96 × 139.2 میلی‌متر
https://www.zoomit.ir/product/list/hdd/,وسترن دیجیتال Blue WD20EZBX ظرفیت 2 ترابایت,"3,595,000",4.2,https://api2.zoomit.ir/media/652d012d8716201626d03820?w=1920&q=75,اینترنال , دسکتاپ,2 ترابایت , 3.5 اینچ,7200 دور در دقیقه , SATA 6 Gb/s,450 گرم , 26.1 × 101.6 × 147 میلی‌متر
https://www.zoomit.ir/product/list/hdd/,توشیبا Canvio Basics ظرفیت 4 ترابایت,"4,935,000",4.3,https://api2.zoomit.ir/media/652d007beb21a6b54f4fd888?w=1920&q=75,اکسترنال , قابل حمل,4 ترابایت , 2.5 اینچ,- , USB 3.2 Gen 1,217.5 گرم , 19.5 × 78 × 109 میلی‌متر
https://www.zoomit.ir/product/list/hdd/,سیلیکون پاور Armor A66 ظرفیت 1 ترابایت,"3,800,000",4.4,https://api2.zoomit.ir/media/652d06cdeb21a6b54f50d751?w=1920&q=75,اکسترنال , قابل حمل,1 ترابایت , 2.5 اینچ,- , USB 3.2 Gen 1,209 گرم , 16.2 × 96 × 139.2 میلی‌متر
https://www.zoomit.ir/product/list/hdd/,سیلیکون پاور Armor A66 ظرفیت 4 ترابایت,"7,979,000",4.1,https://api2.zoomit.ir/media/652d06cdeb21a6b54f50d751?w=1920&q=75,اکسترنال , قابل حمل,4 ترابایت , 2.5 اینچ,- , USB 3.2 Gen 1,328 گرم , 24 × 96 × 139.2 میلی‌متر
https://www.zoomit.ir/product/list/hdd/,ای دیتا HV320 2.5 Inch ظرفیت 2 ترابایت,"3,640,000",4.6,https://api2.zoomit.ir/media/664251f4772792639deba569?w=1920&q=75,اکسترنال,قابل حمل,2 ترابایت,2.5 اینچ,سرعت چرخش دیسک نامشخص,USB 3.2 Gen 1,139 گرم,10.7 × 80.5 × 125.7 میلی‌متر
https://www.zoomit.ir/product/list/hdd/,سیلیکون پاور Armor A66 ظرفیت 5 ترابایت,"9,344,000",4,https://api2.zoomit.ir/media/652d06cdeb21a6b54f50d751?w=1920&q=75,اکسترنال , قابل حمل,5 ترابایت , 2.5 اینچ,- , USB 3.2 Gen 1,328 گرم , 24 × 96 × 139.2 میلی‌متر
https://www.zoomit.ir/product/list/hdd/,توشیبا Canvio Advance USB 3.2 ظرفیت 2 ترابایت,"3,722,000",4.2,https://api2.zoomit.ir/media/652d007aeb21a6b54f4fd83c?w=1920&q=75,اکسترنال , قابل حمل,2 ترابایت , 2.5 اینچ,5400 دور در دقیقه , USB 3.2 Gen 1,149 گرم , 14 × 78 × 109 میلی‌متر
https://www.zoomit.ir/product/list/hdd/,سیگیت One Touch ظرفیت 5 ترابایت,"7,164,000",4.2,https://api2.zoomit.ir/media/652d04cd8716201626d0bfdd?w=1920&q=75,اکسترنال , قابل حمل,5 ترابایت , 2.5 اینچ,5400 دور در دقیقه , USB 3.2 Gen 1,- , 20.83 × 80.01 × 115.32 میلی‌متر
https://www.zoomit.ir/product/list/hdd/,اپیسر AC236 ظرفیت 1 ترابایت,"3,385,000",4.2,https://api2.zoomit.ir/media/652d05d28716201626d0ea94?w=1920&q=75,اکسترنال , قابل حمل,1 ترابایت , 2.5 اینچ,- , USB 3.2 Gen 1,139.5 گرم , 10.8 × 79.4 × 128.5 میلی‌متر
https://www.zoomit.ir/product/list/hdd/,توشیبا S300 HDWT740UZSVA ظرفیت 4 ترابایت,"3,790,000",4.2,https://api2.zoomit.ir/media/652d1f9e8716201626d12ca4?w=1920&q=75,اینترنال , دوربین‌های نظارتی,4 ترابایت , 3.5 اینچ,5400 دور در دقیقه , SATA 6 Gb/s,650 گرم , 26.1 × 101.85 × 147 میلی‌متر
https://www.zoomit.ir/product/list/hdd/,وسترن دیجیتال Purple WD22PURZ ظرفیت 2 ترابایت,"2,500,000",4.7,https://api2.zoomit.ir/media/652d1fc3eb21a6b54f50f2a2?w=1920&q=75,اینترنال , دوربین‌های نظارتی,2 ترابایت , 3.5 اینچ,- , SATA 6 Gb/s,450 گرم , 26.1 × 101.6 × 147 میلی‌متر
https://www.zoomit.ir/product/list/hdd/,وسترن دیجیتال My Book Desktop ظرفیت 8 ترابایت,"14,700,000",4.3,https://api2.zoomit.ir/media/652d20f78716201626d170eb?w=1920&q=75,اکسترنال , دسکتاپ (رومیزی),8 ترابایت , 3.5 اینچ,5400 دور در دقیقه , USB 3.2 Gen 1,209 گرم , 49 × 139.3 × 170.6 میلی‌متر
https://www.zoomit.ir/product/list/hdd/,سیگیت SkyHawk ST2000VX015 ظرفیت 2 ترابایت,"3,000,000",4.1,https://api2.zoomit.ir/media/652d1fc3eb21a6b54f50f296?w=1920&q=75,اینترنال , دوربین‌های نظارتی,2 ترابایت , 3.5 اینچ,- , SATA 6 Gb/s,415 گرم , 26.1 × 101.6 × 146.9 میلی‌متر
https://www.zoomit.ir/product/list/hdd/,وسترن دیجیتال My Book Desktop ظرفیت 16 ترابایت,"22,800,000",4,https://api2.zoomit.ir/media/652d017eeb21a6b54f5001ae?w=1920&q=75,اکسترنال , دسکتاپ (رومیزی),16 ترابایت , 3.5 اینچ,7200 دور در دقیقه , USB 3.2 Gen 1,1000 گرم , 49 × 139.3 × 170.6 میلی‌متر
https://www.zoomit.ir/product/list/headphone/,اپل ایرپاد پرو نسل دوم,"4,460,000",4.3,https://api2.zoomit.ir/media/652d04f2eb21a6b54f508481?w=1920&q=75,بی سیم , دارای میکروفون,تو گوشی , 10.6 گرم,دارای حذف نویز فعال , پشت بسته,نامشخص , -
https://www.zoomit.ir/product/list/tv/,دوو SU1710 مدل 55 اینچ,"21,750,000",4,https://api2.zoomit.ir/media/652cfbdeeb21a6b54f4efe52?w=1920&q=75,55 اینچ , VA LCD,2 بلندگو , 20 وات,12.2 کیلوگرم , 22.8 × 77.1 × 123.4  سانتی‌متر,2160 × 3840 , 4K-UHD
https://www.zoomit.ir/product/list/headphone/,سامسونگ گلکسی بادز 2 پرو,"4,755,000",4.4,https://api2.zoomit.ir/media/652d1f8c8716201626d128ad?w=1920&q=75,بی سیم , دارای میکروفون,تو گوشی , 11 گرم,دارای حذف نویز فعال , پشت بسته,نامشخص , -
https://www.zoomit.ir/product/list/headphone/,سامسونگ گلکسی بادز 3 پرو,"10,325,000",4.6,https://api2.zoomit.ir/media/668ea4b1772792639decb135?w=1920&q=75,بی‌سیم,دارای میکروفون,تو گوشی,10.8 گرم,دارای حذف نویز فعال,پشت بسته,امپدانس نامشخص,-
https://www.zoomit.ir/product/list/headphone/,سامسونگ گلکسی بادز FE,"2,489,000",4.6,https://api2.zoomit.ir/media/652d215b8716201626d18511?w=1920&q=75,بی‌سیم,دارای میکروفون,تو گوشی,11.2 گرم,دارای حذف نویز فعال,پشت بسته,نامشخص,-
https://www.zoomit.ir/product/list/headphone/,هایلو X1 Pro,"1,469,000",4.1,https://api2.zoomit.ir/media/652d1f8b8716201626d1286c?w=1920&q=75,بی سیم , دارای میکروفون,تو گوشی , -,دارای حذف نویز فعال , پشت بسته,امپدانس نامشخص , -
https://www.zoomit.ir/product/list/headphone/,شیائومی ردمی بادز 5,"1,749,000",4,https://api2.zoomit.ir/media/6590f87cdf73096be8d61053?w=1920&q=75,بی‌سیم,دارای میکروفون,تو گوشی,10.6 گرم,دارای حذف نویز فعال,پشت بسته,32 اهم,-
https://www.zoomit.ir/product/list/headphone/,شیائومی ردمی بادز 5 پرو,"3,699,000",4.2,https://api2.zoomit.ir/media/65682fbd3a1d41e6d6a128cc?w=1920&q=75,بی‌سیم,دارای میکروفون,تو گوشی,10.2 گرم,دارای حذف نویز فعال,پشت بسته,16 اهم,فرکانس پاسخ‌دهی نامشخص
https://www.zoomit.ir/product/list/tv/,سونی 55X75K مدل 55 اینچ,"29,500,000",4.3,https://api2.zoomit.ir/media/652d05708716201626d0da72?w=1920&q=75,54.6 اینچ , VA LCD,2 بلندگو , 20 وات,14.5 کیلوگرم , 29.1 × 79 × 124.3 سانتی‌متر,2160 × 3840 , 4K-UHD
https://www.zoomit.ir/product/list/tv/,سامسونگ Q70C مدل 55 اینچ,"36,750,000",4.7,https://api2.zoomit.ir/media/652d1fe8eb21a6b54f50fa36?w=1920&q=75,54.6 اینچ , VA LCD,2 بلندگو , 20 وات,16.9 کیلوگرم , 25.5 × 77.4 × 123.2 سانتی‌متر,2160 × 3840 , 4K-UHD
https://www.zoomit.ir/product/list/tv/,سامسونگ CU8000 مدل 55 اینچ,"23,950,000",4.1,https://api2.zoomit.ir/media/65d08648381b5915be4f4127?w=1920&q=75,54.6 اینچ ,IPS LCD,2 بلندگو ,20 وات,15 کیلوگرم ,22.6 × 74.8× 123.2 سانتی‌متر,2160 × 3840 ,4K-UHD
https://www.zoomit.ir/product/list/tv/,تی سی ال P725 مدل 55 اینچ,"22,000,000",4.2,https://api2.zoomit.ir/media/652d010deb21a6b54f4fef5d?w=1920&q=75,50 اینچ , VA LCD,2 بلندگو , 24 وات,11.2 کیلوگرم , 26.5 × 77.4 × 123.4 سانتی‌متر,2160 × 3840 , 4K-UHD
https://www.zoomit.ir/product/list/tv/,بویمن KAE6800FW مدل 43 اینچ,"11,800,000",4.3,https://api2.zoomit.ir/media/652d05068716201626d0c934?w=1920&q=75,43 اینچ , IPS LCD,2 بلندگو , 20 وات,6.6 کیلوگرم , 9.1 × 58.4 × 95.5 سانتی‌متر,50 اینچ , 1080 × 1920 - FHD
https://www.zoomit.ir/product/list/tv/,دوو S6600EU مدل 55 اینچ,"30,700,000",4.4,https://api2.zoomit.ir/media/652d006beb21a6b54f4fd57c?w=1920&q=75,55 اینچ , IPS LCD,2 بلندگو , 20 وات,وزن نامشخص , 10.7 × 77.7 × 122.6 سانتی‌متر,2160 × 3840 , 4K-UHD
https://www.zoomit.ir/product/list/tv/,ال جی QNED80 مدل 55 اینچ,"34,200,000",4.1,https://api2.zoomit.ir/media/652d20a9eb21a6b54f511f1d?w=1920&q=75,54.6 اینچ , VA LCD,2 بلندگو , 20 وات,16.7 کیلوگرم , 25.7 × 78.1 × 123.3 سانتی‌متر,2160 × 3840 , 4K-UHD
https://www.zoomit.ir/product/list/tv/,دوو SU1700 مدل 50 اینچ,"19,100,000",4.1,https://api2.zoomit.ir/media/652cfbdeeb21a6b54f4efe52?w=1920&q=75,50 اینچ , IPS LCD,2 بلندگو , 30 وات,وزن نامشخص , 22.8 × 70 × 111.2 سانتی‌متر,2160 × 3840 , 4K-UHD
https://www.zoomit.ir/product/list/tv/,دوو S7000EUM مدل 50 اینچ,"19,100,000",4.5,https://api2.zoomit.ir/media/652d006beb21a6b54f4fd57c?w=1920&q=75,50 اینچ , IPS LCD,نامشخص , -,وزن نامشخص , -,2160 × 3840 , UHD
https://www.zoomit.ir/product/list/headphone/,سامسونگ گلکسی بادز 3,"6,600,000",4.3,https://api2.zoomit.ir/media/668ea754772792639decb155?w=1920&q=75,بی‌سیم,دارای میکروفون,تو گوشی,9.4 گرم,دارای حذف نویز فعال,پشت بسته,امپدانس نامشخص,-
https://www.zoomit.ir/product/list/headphone/,شیائومی Buds 4,"4,150,000",5,https://api2.zoomit.ir/media/652d033aeb21a6b54f5041f5?w=1920&q=75,بی سیم , دارای میکروفون,تو گوشی , 8.8 گرم,دارای حذف نویز فعال , پشت بسته,نامشخص , -
https://www.zoomit.ir/product/list/headphone/,شیائومی ردمی بادز 4 پرو,"3,290,000",4.1,https://api2.zoomit.ir/media/652cfe7f8716201626cfbc1a?w=1920&q=75,بی سیم , دارای میکروفون,تو گوشی , 10 گرم,دارای حذف نویز فعال , پشت بسته,24 اهم , -
https://www.zoomit.ir/product/list/headphone/,اپل ایرپاد 4,"8,899,000",4,https://api2.zoomit.ir/media/66df4e062d36dcc78153ee60?w=1920&q=75,بی‌سیم,دارای میکروفون,تو گوشی,8.6 گرم,فاقد حذف نویز فعال,پشت بسته,امپدانس نامشخص,-
https://www.zoomit.ir/product/list/headphone/,کیو سی وای T19,"619,000",4.5,https://api2.zoomit.ir/media/652d1f8ceb21a6b54f50e72c?w=1920&q=75,بی سیم , دارای میکروفون,تو گوشی , -,10 میلی‌متر , پشت بسته,نامشخص , -
https://www.zoomit.ir/product/list/headphone/,هایلو GT7 Neo,"649,000",4.1,https://api2.zoomit.ir/media/652d1f8d8716201626d128c7?w=1920&q=75,بی سیم , دارای میکروفون,تو گوشی , 7.8 گرم,8 میلی‌متر , پشت بسته,امپدانس نامشخص , -
https://www.zoomit.ir/product/list/headphone/,کیو سی وای T13X,"579,000",4.5,https://api2.zoomit.ir/media/65423a0aac3634182f4894bc?w=1920&q=75,بی‌سیم,دارای میکروفون,تو گوشی,8 گرم,7.2 میلی‌متر,پشت بسته,امپدانس نامشخص,-
https://www.zoomit.ir/product/list/tv/,تی سی ال P635 مدل 55 اینچ,"22,000,000",4.2,https://api2.zoomit.ir/media/652d05baeb21a6b54f50a4b9?w=1920&q=75,54.6 اینچ , VA LCD,2 بلندگو , 20 وات,9.8 کیلوگرم , 26.7 × 76.5 × 122.6 سانتی‌متر,2160 × 3840 , 4K-UHD
https://www.zoomit.ir/product/list/tv/,جی پلاس RU732N مدل 58 اینچ,"25,733,940",4.4,https://api2.zoomit.ir/media/652d21d5eb21a6b54f515b93?w=1920&q=75,58 اینچ , IPS LCD,2 بلندگو , 20 وات,- , 21.3 × 80.6 × 129.3 سانتی‌متر,2160 × 3840 , 4K-UHD
https://www.zoomit.ir/product/list/tv/,ال جی QNED80 مدل 65 اینچ,"48,800,000",4.2,https://api2.zoomit.ir/media/652d20a9eb21a6b54f511f1d?w=1920&q=75,64.5 اینچ , VA LCD,2 بلندگو , 20 وات,24.9 کیلوگرم , 29.5 × 90.6 × 145.2 سانتی‌متر,2160 × 3840 , 4K-UHD
https://www.zoomit.ir/product/list/tv/,سونی X90L مدل 55 اینچ,"56,600,000",5,https://api2.zoomit.ir/media/658022f1eb3279f2c061fd9e?w=1920&q=75,54.6 اینچ , VA LCD,2 بلندگو + 2 توییتر, 30 وات,17.7 کیلوگرم,34.5 × 73.8 × 122.5 سانتی‌متر,2160 × 3840 , 4K-UHD
https://www.zoomit.ir/product/list/tv/,ایکس ویژن XCU655 مدل 65 اینچ,"33,500,000",4.1,https://api2.zoomit.ir/media/660d257a67794fc357b0302b?w=1920&q=75,65 اینچ , IPS LCD,2 بلندگو , 16 وات,15.4 کیلوگرم , 32.7 × 89.8 × 144.5 سانتی‌متر,2160 × 3840 , 4K-UHD
https://www.zoomit.ir/product/list/tv/,جی پلاس PQ736S مدل 50 اینچ,"18,800,000",4.2,https://api2.zoomit.ir/media/652d021a8716201626d05d13?w=1920&q=75,50 اینچ , VA LCD,2 بلندگو , 20 وات,نامشخص , 21.2 × 69.9 × 111.1 سانتی‌متر,2160 × 3840 , 4K-UHD
https://www.zoomit.ir/product/list/tv/,سونی 55X85K مدل 55 اینچ,"45,200,000",4.2,https://api2.zoomit.ir/media/652d019d8716201626d049b9?w=1920&q=75,54.6 اینچ , VA LCD,2 بلندگو , 20 وات,18.1 کیلوگرم , 33.8 × 78.2 × 123.3 سانتی‌متر,2160 × 3840 , 4K-UHD
https://www.zoomit.ir/product/list/tv/,سونی 65X75K مدل 65 اینچ,"40,050,000",4,https://api2.zoomit.ir/media/652d05708716201626d0da72?w=1920&q=75,64.5 اینچ , VA LCD,2 بلندگو , 20 وات,22.1 کیلوگرم , 33.7 × 91.4 × 146.3 سانتی‌متر,2160 × 3840 , 4K-UHD
https://www.zoomit.ir/product/list/tv/,سامسونگ Q70C مدل 65 اینچ,"55,450,000",4.8,https://api2.zoomit.ir/media/652d1fe8eb21a6b54f50fa36?w=1920&q=75,64.5 اینچ , VA LCD,2 بلندگو , 20 وات,22.3 کیلوگرم , 30 × 89.7 × 145.1 سانتی‌متر,2160 × 3840 , 4K-UHD
https://www.zoomit.ir/product/list/tablet/,آیپد پرو 12.9 اپل نسخه 2022,"59,800,000",4.2,https://api2.zoomit.ir/media/638bb8df0677c064ac282980?w=1920&q=75,12.9 اینچ , 2048x2732 پیکسل,12/10 مگاپیکسل , سلفی 12 مگاپیکسل,8/16 گیگابایت رم , Apple M2,10758 میلی‌آمپر ساعت , لیتیوم پلیمری
https://www.zoomit.ir/product/list/headphone/,شیائومی ردمی بادز 4,"989,900",5,https://api2.zoomit.ir/media/652d0006eb21a6b54f4fc218?w=1920&q=75,بی سیم , دارای میکروفون,تو گوشی , 9 گرم,دارای حذف نویز فعال , پشت بسته,نامشخص , -
https://www.zoomit.ir/product/list/headphone/,شیائومی Mibro Earbuds 2,"1,199,000",4.3,https://api2.zoomit.ir/media/652d03378716201626d083a9?w=1920&q=75,بی سیم , دارای میکروفون,تو گوشی , 6.8 گرم,13 میلی‌متر , پشت بسته,32 اهم , 20-22000 هرتز
https://www.zoomit.ir/product/list/headphone/,انکر SoundCore R50i,"724,900",5,https://api2.zoomit.ir/media/669e04c5983309f76cc08bd9?w=1920&q=75,بی‌سیم,دارای میکروفون,تو گوشی,9 گرم,10 میلی‌متر,پشت بسته,16 اهم,20-20000 هرتز
https://www.zoomit.ir/product/list/headphone/,اپل ایرپاد 4 نویز کنسلینگ,"9,499,000",5,https://api2.zoomit.ir/media/66df4e062d36dcc78153ee60?w=1920&q=75,بی‌سیم,دارای میکروفون,تو گوشی,8.6 گرم,دارای حذف نویز فعال,پشت بسته,امپدانس نامشخص,-
https://www.zoomit.ir/product/list/headphone/,سی ام اف Buds Pro 2,"3,380,000",4.3,https://api2.zoomit.ir/media/668bc03a772792639dec9be5?w=1920&q=75,بی‌سیم,دارای میکروفون,تو گوشی,9.8 گرم,دارای حذف نویز فعال,پشت بسته,امپدانس نامشخص,-
https://www.zoomit.ir/product/list/headphone/,کیو سی وای T13 ANC 2,"669,000",4.4,https://api2.zoomit.ir/media/66a2b974d73f03d2a3994013?w=1920&q=75,بی‌سیم,دارای میکروفون,تو گوشی,-,دارای حذف نویز فعال,پشت بسته,امپدانس نامشخص,-
https://www.zoomit.ir/product/list/tv/,سونی X85L مدل 55 اینچ,"45,450,001",4.5,https://api2.zoomit.ir/media/6580213ceb3279f2c061fd8c?w=1920&q=75,54.6 اینچ , VA LCD,2 بلندگو , 20 وات,17.4 کیلوگرم,33.6 × 78.4 × 122.8 سانتی‌متر,2160 × 3840 , 4K-UHD
https://www.zoomit.ir/product/list/tv/,ال جی NANO75 مدل 50 اینچ,"24,750,000",4,https://api2.zoomit.ir/media/652cfdf18716201626cfa101?w=1920&q=75,49.5 اینچ , VA LCD,2 بلندگو , 20 وات,12.4 کیلوگرم , 23.2 × 70.8 × 112.1 سانتی‌متر,2160 × 3840 , 4K-UHD
https://www.zoomit.ir/product/list/tablet/,آیپد پرو 13 اپل نسخه 2024,"69,950,000",4.1,https://api2.zoomit.ir/media/663a44c3a55162c757fca1c7?w=1920&q=75,13 اینچ,2064x2752 پیکسل,12 مگاپیکسل,سلفی 12 مگاپیکسل,8/16 گیگابایت رم,اپل M4,10290 میلی‌آمپر ساعت,لیتیوم پلیمری
https://www.zoomit.ir/product/list/tablet/,پد 6 شیائومی,"18,600,000",4.5,https://api2.zoomit.ir/media/66b77da1dc4961c56dd1d43e?w=1920&q=75,11.0 اینچ,1800x2880 پیکسل,13 مگاپیکسل,سلفی 8 مگاپیکسل,6/8 گیگابایت رم,Snapdragon 870 5G,8840 میلی‌آمپر ساعت,لیتیوم پلیمری
https://www.zoomit.ir/product/list/tablet/,آیپد پرو 11 اپل نسخه 2022,"52,400,000",4.6,https://api2.zoomit.ir/media/638bb8db8b284bb39ca5106b?w=1920&q=75,11 اینچ , 1668x2388 پیکسل,12/10 مگاپیکسل , سلفی 12 مگاپیکسل,8/16 گیگابایت رم , Apple M2,7538 میلی‌آمپر ساعت , لیتیوم پلیمری
https://www.zoomit.ir/product/list/tablet/,گلکسی تب اس 9 اولترا سامسونگ,"62,400,000",4.6,https://api2.zoomit.ir/media/6683bad8772792639dec84c3?w=1920&q=75,14.6 اینچ , 1848x2960 پیکسل,13/8 مگاپیکسل , سلفی 12/12 مگاپیکسل,12/16 گیگابایت رم , Snapdragon 8 Gen 2,11200 میلی آمپر ساعت , لیتیوم پلیمری
https://www.zoomit.ir/product/list/tablet/,آیپد 10.9 اپل نسخه 2022,"20,100,000",4.4,https://api2.zoomit.ir/media/638b5cbc10004a8ed65eab23?w=1920&q=75,10.9 اینچ , 1640x2360 پیکسل,12 مگاپیکسل , سلفی 12 مگاپیکسل,4 گیگابایت رم, A14 Bionic,7606 میلی‌آمپر ساعت, لیتیوم پلیمری
https://www.zoomit.ir/product/list/tablet/,پوکو پد شیائومی,"15,600,000",4.6,https://api2.zoomit.ir/media/6651a30e772792639debd4c8?w=1920&q=75,12.1 اینچ,1600x2560 پیکسل,8 مگاپیکسل,سلفی 8 مگاپیکسل,8 گیگابایت رم,Snapdragon 7s Gen 2,10000 میلی‌آمپر ساعت,شارژ سریع 33 وات
https://www.zoomit.ir/product/list/tablet/,ردمی پد SE شیائومی,"11,090,000",4.1,https://api2.zoomit.ir/media/652d2114eb21a6b54f51351a?w=1920&q=75,11.0 اینچ , 1200x1920 پیکسل,8 مگاپیکسل , سلفی 5 مگاپیکسل,4/6/8 گیگابایت رم , Snapdragon 680 4G,8000 میلی آمپر ساعت , لیتیوم پلیمری
https://www.zoomit.ir/product/list/tablet/,گلکسی تب A9 سامسونگ,"7,100,000",4.3,https://api2.zoomit.ir/media/65cc9085ad00028634ae8fe4?w=1920&q=75,8.7 اینچ , 800x1340 پیکسل,8 مگاپیکسل , سلفی 2 مگاپیکسل,4/8 گیگابایت رم , Helio G99,5100 میلی آمپر ساعت , لیتیوم پلیمری
https://www.zoomit.ir/product/list/headphone/,کیو سی وای T18 MeloBuds,"1,252,000",4.1,https://api2.zoomit.ir/media/652d03378716201626d08393?w=1920&q=75,بی سیم , دارای میکروفون,تو گوشی , -,10 میلی‌متر , پشت بسته,نامشخص , -
https://www.zoomit.ir/product/list/headphone/,اپل ایرپاد نسل سوم,"7,899,000",4.3,https://api2.zoomit.ir/media/652d01e48716201626d05441?w=1920&q=75,بی سیم , دارای میکروفون,تو گوشی , 8.56 گرم,فاقد حذف نویز فعال , پشت بسته,- , -
https://www.zoomit.ir/product/list/headphone/,هایلو GT7,"1,300,000",5,https://api2.zoomit.ir/media/652d006feb21a6b54f4fd63c?w=1920&q=75,بی سیم , دارای میکروفون,تو گوشی , 7.8 گرم,- , پشت بسته,- , -
https://www.zoomit.ir/product/list/headphone/,انکر SoundCore Life P3,"2,760,000",5,https://api2.zoomit.ir/media/652cfe8d8716201626cfbecf?w=1920&q=75,بی سیم , دارای میکروفون,تو گوشی , -,دارای حذف نویز فعال , پشت بسته,16 اهم , 20-20000 هرتز
https://www.zoomit.ir/product/list/headphone/,سونی WH-1000XM5,"16,345,000",4.1,https://api2.zoomit.ir/media/652d209d8716201626d15e8b?w=1920&q=75,بی سیم و باسیم , دارای میکروفون,دور گوشی , 250 گرم,دارای حذف نویز فعال , پشت بسته,48 اهم , 4-40000 هرتز
https://www.zoomit.ir/product/list/headphone/,سی ام اف Buds Pro,"2,450,000",5,https://api2.zoomit.ir/media/65d9a6b0b5484d0cca6f63b7?w=1920&q=75,بی‌سیم,دارای میکروفون,تو گوشی,9.6 گرم,دارای حذف نویز فعال,پشت بسته,امپدانس نامشخص,-
https://www.zoomit.ir/product/list/tablet/,گلکسی تب A9 پلاس سامسونگ,"10,840,000",4.5,https://api2.zoomit.ir/media/65537b2fac3634182f48c55d?w=1920&q=75,11.0 اینچ,1200x1920 پیکسل,8 مگاپیکسل,سلفی 5 مگاپیکسل,4/8 گیگابایت رم,Snapdragon 695 5G,7040 میلی‌آمپر ساعت,لیتیوم پلیمری
https://www.zoomit.ir/product/list/tablet/,پد 6 اس پرو شیائومی,"33,449,000",4.6,https://api2.zoomit.ir/media/65d4a11b412e5bb22d864c40?w=1920&q=75,12.4 اینچ,2032x3048 پیکسل,50/2 مگاپیکسل,سلفی 32 مگاپیکسل,8/12/16 گیگابایت رم,Snapdragon 8 Gen 2,10000 میلی‌آمپر ساعت,شارژ سریع 120 وات
https://www.zoomit.ir/product/list/tablet/,گلکسی تب اس 9 سامسونگ,"35,500,000",4,https://api2.zoomit.ir/media/6683d8fd772792639dec8598?w=1920&q=75,11.0 اینچ , 1600x2560 پیکسل,13 مگاپیکسل , سلفی 12 مگاپیکسل,8/12 گیگابایت رم , Snapdragon 8 Gen 2,8400 میلی آمپر ساعت , لیتیوم پلیمری
https://www.zoomit.ir/product/list/tablet/,گلکسی تب S9 FE سامسونگ,"23,840,000",4.5,https://api2.zoomit.ir/media/652d215b8716201626d18505?w=1920&q=75,10.9 اینچ , 1440x2304 پیکسل,8 مگاپیکسل , سلفی 12 مگاپیکسل,6/8 گیگابایت رم , Exynos 1380,8000 میلی آمپر ساعت , لیتیوم پلیمری
https://www.zoomit.ir/product/list/tablet/,آیپد پرو 11 اپل نسخه 2024,"55,899,000",4.7,https://api2.zoomit.ir/media/663a43d0a55162c757fca1a6?w=1920&q=75,11 اینچ,1668x2420 پیکسل,12 مگاپیکسل,سلفی 12 مگاپیکسل,8/16 گیگابایت رم,اپل M4,8160 میلی‌آمپر ساعت,لیتیوم پلیمری
https://www.zoomit.ir/product/list/tablet/,گلکسی تب اس 9 پلاس سامسونگ,"43,900,000",4.2,https://api2.zoomit.ir/media/6683d4fd772792639dec8576?w=1920&q=75,12.4 اینچ , 1752x2800 پیکسل,13/8 مگاپیکسل , سلفی 12 مگاپیکسل,12 گیگابایت رم , Snapdragon 8 Gen 2,10090 میلی آمپر ساعت , لیتیوم پلیمری
https://www.zoomit.ir/product/list/mobile/,گلکسی اس 23 اولترا سامسونگ,"53,400,000",4.7,https://api2.zoomit.ir/media/652d05458716201626d0d476?w=1920&q=75,6.8 اینچ , 1440x3088 پیکسل,200/12/10/10 مگاپیکسل , سلفی 12 مگاپیکسل,8/12 گیگابایت رم , Snapdragon 8 Gen 2,5000 میلی آمپر ساعت , لیتیوم یونی
https://www.zoomit.ir/product/list/tablet/,آیپد ایر 2022 اپل,"34,350,000",4,https://api2.zoomit.ir/media/652cfe23eb21a6b54f4f66f8?w=1920&q=75,10.9 اینچ , 1640x2360 پیکسل,12 مگاپیکسل , سلفی 12 مگاپیکسل,8 گیگابایت رم , اپل M1,28.6 وات ساعت , لیتیوم یونی
https://www.zoomit.ir/product/list/tablet/,گلکسی تب S9 FE پلاس سامسونگ,"28,890,000",4.1,https://api2.zoomit.ir/media/652d219b8716201626d192ad?w=1920&q=75,12.4 اینچ , 1600x2560 پیکسل,8/8 مگاپیکسل , سلفی 12 مگاپیکسل,8/12 گیگابایت رم , Exynos 1380,10090 میلی آمپر ساعت , لیتیوم پلیمری
https://www.zoomit.ir/product/list/tablet/,آیپد ایر 11 اپل نسخه 2024,"34,250,000",4,https://api2.zoomit.ir/media/663a4994a55162c757fca219?w=1920&q=75,11 اینچ,1640x2360 پیکسل,12 مگاپیکسل,سلفی 12 مگاپیکسل,8 گیگابایت رم,اپل M2,28.93 وات‌ساعت,لیتیوم پلیمری
https://www.zoomit.ir/product/list/tablet/,وان پلاس پد,"29,400,000",4.4,https://api2.zoomit.ir/media/652d20888716201626d15a37?w=1920&q=75,11.61 اینچ , 2000x2800 پیکسل,13 مگاپیکسل , سلفی 8 مگاپیکسل,8/12 گیگابایت رم , Dimensity 9000,9510 میلی آمپر ساعت , لیتیوم پلیمری
https://www.zoomit.ir/product/list/tablet/,گلکسی تب اس 6 لایت سامسونگ نسخه 2022,"20,990,000",4.7,https://api2.zoomit.ir/media/670fc55a874a99e4aefce4aa?w=1920&q=75,10.4 اینچ,1200x2000 پیکسل,8 مگاپیکسل,سلفی 5 مگاپیکسل,4 گیگابایت رم,Snapdragon 720G,7040 میلی‌آمپر ساعت,لیتیوم پلیمری
https://www.zoomit.ir/product/list/tablet/,ردمی پد پرو شیائومی,"15,899,000",4,https://api2.zoomit.ir/media/661ba857a55162c757fc4f67?w=1920&q=75,12.1 اینچ,1600x2560 پیکسل,8 مگاپیکسل,سلفی 8 مگاپیکسل,6/8 گیگابایت رم,Snapdragon 7s Gen 2,10000 میلی‌آمپر ساعت,شارژ سریع 33 وات
https://www.zoomit.ir/product/list/tablet/,گلکسی تب اس 8 اولترا سامسونگ,"48,319,000",4.8,https://api2.zoomit.ir/media/670f81517e4d572cca61566a?w=1920&q=75,14.6 اینچ , 1848x2960 پیکسل,13/6 مگاپیکسل , سلفی 12/12 مگاپیکسل,8/12/16 گیگابایت رم , Snapdragon 8 Gen 1,11200 میلی آمپر ساعت , لیتیوم پلیمری
https://www.zoomit.ir/product/list/mobile/,ردمی نوت 12 پرو شیائومی,"11,649,000",4.1,https://api2.zoomit.ir/media/652d06f68716201626d12166?w=1920&q=75,6.67 اینچ , 1080x2400 پیکسل,50/8/2 مگاپیکسل , سلفی 16 مگاپیکسل,6/8/12 گیگابایت رم , Dimensity 1080,5000 میلی آمپر ساعت , لیتیوم پلیمری
https://www.zoomit.ir/product/list/mobile/,گلکسی A54 سامسونگ,"18,800,000",4.3,https://api2.zoomit.ir/media/6540d64e5641fa531bdc6ab5?w=1920&q=75,6.4 اینچ,1080x2340 پیکسل,50/12/5 مگاپیکسل,سلفی 32 مگاپیکسل,4/6/8 گیگابایت رم,Exynos 1380,5000 میلی‌آمپر ساعت, لیتیوم یونی
https://www.zoomit.ir/product/list/mobile/,ردمی نوت 13 پرو شیائومی,"18,976,000",4.4,https://api2.zoomit.ir/media/652d20d18716201626d168d6?w=1920&q=75,6.67 اینچ,1220x2712 پیکسل,200/8/2 مگاپیکسل,سلفی 16 مگاپیکسل,8/12/16 گیگابایت رم,Snapdragon 7s Gen 2,5100 میلی‌آمپر ساعت,لیتیوم پلیمری
https://www.zoomit.ir/product/list/mobile/,گلکسی اس 24 اولترا سامسونگ,"59,027,000",4.4,https://api2.zoomit.ir/media/66446db1772792639debb10d?w=1920&q=75,6.8 اینچ,1440x3120 پیکسل,200/50/12/10 مگاپیکسل,سلفی 12 مگاپیکسل,12 گیگابایت رم,Snapdragon 8 Gen 3,5000 میلی‌آمپر ساعت,لیتیوم یونی
https://www.zoomit.ir/product/list/mobile/,پوکو X6 پرو شیائومی,"16,720,000",4.2,https://api2.zoomit.ir/media/65a244dadb28d1d08cc7dd38?w=1920&q=75,6.67 اینچ,1220x2712 پیکسل,64/8/2 مگاپیکسل ,سلفی 16 مگاپیکسل,8/12 گیگابایت رم,Dimensity 8300 Ultra,5000 میلی‌آمپر ساعت,شارژ سریع 67 وات
https://www.zoomit.ir/product/list/mobile/,گلکسی A34 سامسونگ,"14,050,000",4.3,https://api2.zoomit.ir/media/652d05d68716201626d0eb25?w=1920&q=75,6.6 اینچ , 1080x2340 پیکسل,48/8/5 مگاپیکسل , سلفی 13 مگاپیکسل,6/8 گیگابایت رم , Dimensity 1080,5000 میلی آمپر ساعت , لیتیوم پلیمری
https://www.zoomit.ir/product/list/mobile/,گلکسی A55 سامسونگ,"17,803,000",4.2,https://api2.zoomit.ir/media/65ef3aa267794fc357aff517?w=1920&q=75,6.6 اینچ,1080x2340 پیکسل,50/12/5 مگاپیکسل,سلفی 32 مگاپیکسل,6/8/12 گیگابایت رم,Exynos 1480,5000 میلی‌آمپر ساعت,لیتیوم یونی
https://www.zoomit.ir/product/list/mobile/,گلکسی A14 سامسونگ,"8,650,000",4.2,https://api2.zoomit.ir/media/664446dc772792639debafd4?w=1920&q=75,6.6 اینچ , 1080x2408 پیکسل,50/5/2 مگاپیکسل , سلفی 13 مگاپیکسل,4/6 گیگابایت رم , Helio G80,5000 میلی آمپر ساعت , لیتیوم پلیمری
https://www.zoomit.ir/product/list/mobile/,ردمی نوت 13 پرو پلاس شیائومی,"20,186,000",4,https://api2.zoomit.ir/media/66112915bd4454ff2d89afd2?w=1920&q=75,6.67 اینچ,1220x2712 پیکسل,200/8/2 مگاپیکسل,سلفی 16 مگاپیکسل,8/12/16 گیگابایت رم,Dimensity 7200 Ultra,5000 میلی‌آمپر ساعت,لیتیوم پلیمری
https://www.zoomit.ir/product/list/tablet/,آیپد ایر 13 اپل نسخه 2024,"42,799,000",4.1,https://api2.zoomit.ir/media/663a472ea55162c757fca1f8?w=1920&q=75,13 اینچ,2048x2732 پیکسل,12 مگاپیکسل,سلفی 12 مگاپیکسل,8 گیگابایت رم,اپل M2,36.59 وات‌ساعت,لیتیوم پلیمری
https://www.zoomit.ir/product/list/tablet/,آیپد مینی 2021 اپل,"25,250,000",4.1,https://api2.zoomit.ir/media/670f5cc3882b3c1a2e0f8d62?w=1920&q=75,8.3 اینچ,2266×1488 پیکسل,12 مگاپیکسل,سلفی 12 مگاپیکسل,4 گیگابایت رم,Apple A15 Bionic,5078 میلی‌آمپر ساعت,لیتیوم یونی
https://www.zoomit.ir/product/list/tablet/,پیکسل گوگل,"41,500,000",5,https://api2.zoomit.ir/media/652d06d8eb21a6b54f50d9dc?w=1920&q=75,10.95 اینچ , 1600x2560 پیکسل,8 مگاپیکسل , سلفی 8 مگاپیکسل,8 گیگابایت رم , Google Tensor G2,27 وات‌ساعت , لیتیوم پلیمری
https://www.zoomit.ir/product/list/tablet/,گلکسی تب A8 10.5 سامسونگ نسخه 2021,"13,600,000",4.5,https://api2.zoomit.ir/media/652d0662eb21a6b54f50c321?w=1920&q=75,10.5 اینچ , 1200x1920 پیکسل,8 مگاپیکسل , سلفی 5 مگاپیکسل,3/4 گیگابایت رم , Unisoc Tiger T618,7040 میلی آمپر ساعت , لیتیوم پلیمری
https://www.zoomit.ir/product/list/tablet/,گرین لیون G-20 اولترا,"9,990,000",4.3,https://api2.zoomit.ir/media/65658b518d35dab79ef67c38?w=1920&q=75,10.1 اینچ,1200x1920 پیکسل,13 مگاپیکسل,سلفی 5 مگاپیکسل,6 گیگابایت رم,Unisoc Tiger T606,5000 میلی‌آمپر ساعت,لیتیوم پلیمری
https://www.zoomit.ir/product/list/tablet/,گلکسی تب اس 6 لایت سامسونگ نسخه 2024,"16,110,000",4.1,https://api2.zoomit.ir/media/66026c0867794fc357b01b0d?w=1920&q=75,10.4 اینچ,1200x2000 پیکسل,8 مگاپیکسل,سلفی 5 مگاپیکسل,4 گیگابایت رم,8 هسته‌ای,7040 میلی‌آمپر ساعت,لیتیوم پلیمری
https://www.zoomit.ir/product/list/mobile/,گلکسی A15 سامسونگ,"8,097,000",4.1,https://api2.zoomit.ir/media/6589acb3eb3279f2c0621677?w=1920&q=75,6.5 اینچ,1080x2340 پیکسل,50/5/2 مگاپیکسل,سلفی 13 مگاپیکسل,4/6/8 گیگابایت رم,Helio G99,5000 میلی‌آمپر ساعت,شارژ سریع 25 وات
https://www.zoomit.ir/product/list/mobile/,گلکسی اس 23 اف ای سامسونگ,"26,910,000",4.4,https://api2.zoomit.ir/media/652d21d1eb21a6b54f515a83?w=1920&q=75,6.4 اینچ,1080x2340 پیکسل,50/12/8 مگاپیکسل,سلفی 10 مگاپیکسل,8 گیگابایت رم,Exynos 2200,4500 میلی‌آمپر ساعت,لیتیوم یونی
https://www.zoomit.ir/product/list/mobile/,ردمی 12 شیائومی,"7,182,000",4.3,https://api2.zoomit.ir/media/65bf77b7381b5915be4f1746?w=1920&q=75,6.79 اینچ,1080x2460 پیکسل,50/8/2 مگاپیکسل,سلفی 8 مگاپیکسل,2/4/6/8 گیگابایت رم,Helio G88,5000 میلی آمپر ساعت,لیتیوم پلیمری
https://www.zoomit.ir/product/list/mobile/,گلکسی اس 23 سامسونگ,"48,300,000",4.3,https://api2.zoomit.ir/media/652d05418716201626d0d3f2?w=1920&q=75,6.1 اینچ , 1080x2340 پیکسل,50/12/10 مگاپیکسل , سلفی 12 مگاپیکسل,8 گیگابایت رم , Snapdragon 8 Gen 2,3900 میلی آمپر ساعت , لیتیوم‌ یونی
https://www.zoomit.ir/product/list/mobile/,شیائومی 12T پرو,"32,000,000",4.3,https://api2.zoomit.ir/media/65b77addad00028634ae5b8e?w=1920&q=75,6.67 اینچ , 1220x2712 پیکسل,200/8/2 مگاپیکسل , سلفی 20 مگاپیکسل,8/12 گیگابایت رم , Snapdragon 8+ Gen 1,5000 میلی آمپر ساعت , لیتیوم پلیمری
https://www.zoomit.ir/product/list/mobile/,گلکسی A35 سامسونگ,"14,006,000",4.3,https://api2.zoomit.ir/media/65ef3d2ebd4454ff2d896cb3?w=1920&q=75,6.6 اینچ,1080x2340 پیکسل,50/8/5 مگاپیکسل,سلفی 13 مگاپیکسل,6/8 گیگابایت رم,Exynos 1380,5000 میلی‌آمپر ساعت,شارژ سریع 25 وات
https://www.zoomit.ir/product/list/mobile/,ردمی نوت 13 شیائومی 4G,"9,114,000",4.5,https://api2.zoomit.ir/media/65a52c15fd49184092c4626f?w=1920&q=75,6.67 اینچ,1080x2400 پیکسل,108/8/2 مگاپیکسل,سلفی 16 مگاپیکسل,6/8 گیگابایت رم,Snapdragon 685,5000 میلی‌آمپر ساعت,شارژ سریع 33 وات
https://www.zoomit.ir/product/list/mobile/,ردمی نوت 12S شیائومی,"7,899,000",4.5,https://api2.zoomit.ir/media/66114350bd4454ff2d89b0d4?w=1920&q=75,6.43 اینچ , 1080x2400 پیکسل,108/8/2 مگاپیکسل , سلفی 12 مگاپیکسل,6/8 گیگابایت رم , Helio G96,5000 میلی آمپر ساعت , لیتیوم پلیمری
https://www.zoomit.ir/product/list/mobile/,شیائومی 13T پرو,"33,799,000",4.1,https://api2.zoomit.ir/media/652d20f7eb21a6b54f512f70?w=1920&q=75,6.67 اینچ , 1220x2712 پیکسل,50/50/12 مگاپیکسل , سلفی 20 مگاپیکسل,12/16 گیگابایت رم , Dimensity 9200+,5000 میلی آمپر ساعت , لیتیوم پلیمری
https://www.zoomit.ir/product/list/mobile/,شیائومی 14 پرو,"54,500,000",4.2,https://api2.zoomit.ir/media/66ec1e2e377ff4d41138bfff?w=1920&q=75,6.73 اینچ,1440x3200 پیکسل,50/50/50 مگاپیکسل,سلفی 32 مگاپیکسل,12/16 گیگابایت رم,Snapdragon 8 Gen 3,4880 میلی‌آمپر ساعت,لیتیوم پلیمری
https://www.zoomit.ir/product/list/mobile/,گلکسی A25 سامسونگ,"9,856,000",4.3,https://api2.zoomit.ir/media/658c63b4df73096be8d6058a?w=1920&q=75,6.5 اینچ,1080x2340 پیکسل,50/8/2 مگاپیکسل,سلفی 13 مگاپیکسل,6/8 گیگابایت رم,Exynos 1280,5000 میلی‌آمپر ساعت,شارژ سریع 25 وات
https://www.zoomit.ir/product/list/mobile/,شیائومی 13 اولترا,"57,900,000",4.3,https://api2.zoomit.ir/media/652d2009eb21a6b54f51005a?w=1920&q=75,6.73 اینچ , 1440x3200 پیکسل,50.3/50/50/50 مگاپیکسل , سلفی 32 مگاپیکسل,12/16 گیگابایت رم , Snapdragon 8 Gen 2,5000 میلی آمپر ساعت , لیتیوم پلیمری
https://www.zoomit.ir/product/list/mobile/,گلکسی اس 24 سامسونگ,"49,849,000",4.4,https://api2.zoomit.ir/media/65a8105b881b9173c370e6ea?w=1920&q=75,6.2 اینچ,1080x2340 پیکسل,50/12/10 مگاپیکسل,سلفی 12 مگاپیکسل,8/12 گیگابایت رم,Exynos 2400,4000 میلی‌آمپر ساعت,لیتیوم‌ یونی
https://www.zoomit.ir/product/list/mobile/,شیائومی 12T,"20,000,000",4,https://api2.zoomit.ir/media/652d03adeb21a6b54f505336?w=1920&q=75,6.67 اینچ , 1220x2712 پیکسل,108/8/2 مگاپیکسل , سلفی 20 مگاپیکسل,8 گیگابایت رم , Dimensity 8100-Ultra,5000 میلی آمپر ساعت , لیتیوم پلیمری
https://www.zoomit.ir/product/list/mobile/,پوکو X6 شیائومی,"14,793,000",4.3,https://api2.zoomit.ir/media/65a246f0fd49184092c456cb?w=1920&q=75,6.67 اینچ,1220x2712 پیکسل,64/8/2 مگاپیکسل,سلفی 16 مگاپیکسل,8/12 گیگابایت رم,Snapdragon 7s Gen 2,5100 میلی‌آمپر ساعت,شارژ سریع 67 وات
https://www.zoomit.ir/product/list/mobile/,شیائومی 13T,"25,720,000",4.5,https://api2.zoomit.ir/media/652d20f78716201626d17102?w=1920&q=75,6.67 اینچ , 1220x2712 پیکسل,50/50/12 مگاپیکسل , سلفی 20 مگاپیکسل,8/12 گیگابایت رم , Dimensity 8200 Ultra,5000 میلی آمپر ساعت , لیتیوم پلیمری
https://www.zoomit.ir/product/list/mobile/,ردمی نوت 12 پرو شیائومی 4G,"11,419,000",4,https://api2.zoomit.ir/media/66ec00bc377ff4d41138bf1c?w=1920&q=75,6.67 اینچ , 1080x2400 پیکسل,108/8/2/2 مگاپیکسل , سلفی 16 مگاپیکسل,6/8 گیگابایت رم , Snapdragon 732G,5000 میلی آمپر ساعت , لیتیوم پلیمری
https://www.zoomit.ir/product/list/mobile/,شیائومی 14 اولترا,"57,990,000",4.2,https://api2.zoomit.ir/media/65d781a6412e5bb22d8654ca?w=1920&q=75,6.73 اینچ,1440x3200 پیکسل,50/50/50/50 مگاپیکسل,سلفی 32 مگاپیکسل,12/16 گیگابایت رم,Snapdragon 8 Gen 3,5300 میلی‌آمپر ساعت,شارژ سریع 90 وات
https://www.zoomit.ir/product/list/mobile/,پوکو F6 پرو شیائومی,"28,900,000",4.1,https://api2.zoomit.ir/media/664f8e54772792639debcfe3?w=1920&q=75,6.67 اینچ,1440x3200 پیکسل,50/8/2 مگاپیکسل,سلفی 16 مگاپیکسل,12/16 گیگابایت رم,Snapdragon 8 Gen 2,5000 میلی‌آمپر ساعت,شارژ سریع 120 وات
https://www.zoomit.ir/product/list/mobile/,گلکسی زد فلیپ 5 سامسونگ,"44,490,000",4.3,https://api2.zoomit.ir/media/652d20758716201626d1563b?w=1920&q=75,6.7 اینچ , 1080x2640 پیکسل,12/12 مگاپیکسل , سلفی 10 مگاپیکسل,8 گیگابایت رم , Snapdragon 8 Gen 2,3700 میلی آمپر ساعت , لیتیوم پلیمری
https://www.zoomit.ir/product/list/mobile/,گلکسی A04s سامسونگ,"8,300,000",4.4,https://api2.zoomit.ir/media/65be0dc4381b5915be4f1207?w=1920&q=75,6.5 اینچ , 720x1600 پیکسل,50/2/2 مگاپیکسل , سلفی 5 مگاپیکسل,3/4 گیگابایت رم , Exynos 850,5000 میلی آمپر ساعت , لیتیوم پلیمری
https://www.zoomit.ir/product/list/mobile/,گلکسی A05s سامسونگ,"5,207,000",4.6,https://api2.zoomit.ir/media/652d20daeb21a6b54f5128f0?w=1920&q=75,6.7 اینچ , 1080x2400 پیکسل,50/2/2 مگاپیکسل , سلفی 13 مگاپیکسل,4/6 گیگابایت رم , Snapdragon 680 4G,5000 میلی آمپر ساعت , لیتیوم پلیمری
